,번호,회사명,종목코드,폐지일자,폐지사유,비고
0,324,DB금융스팩9호,367360,2023-11-24,피흡수합병(스팩소멸합병),
1,323,IBKS제17호스팩,405350,2023-11-03,피흡수합병(스팩소멸합병),
2,322,케이비제23호스팩,440200,2023-11-03,피흡수합병(스팩소멸합병),
3,321,루트로닉,85370,2023-10-27,타법인의 완전자회사로 편입,
4,320,코스온,69110,2023-10-20,감사의견 거절(감사범위 제한),
5,319,에이치엠씨제5호스팩,353060,2023-09-22,상장예비심사 청구서 미제출로 관리종목 지정 후 1개월 이내 동 사유 미해소,
6,318,하나금융20호스팩,400560,2023-09-19,피흡수합병(스팩소멸합병),
7,317,신한제7호스팩,366330,2023-09-18,피흡수합병(스팩소멸합병),
8,316,유안타제8호스팩,367480,2023-09-08,피흡수합병(스팩소멸합병),
9,315,한국제10호스팩,409570,2023-08-31,피흡수합병(스팩소멸합병),
10,314,우리벤처파트너스,298870,2023-08-28,타법인의 완전자회사로 편입,
11,313,오스템임플란트,48260,2023-08-14,상장폐지 신청('23.06.28),
12,312,NICE평가정보,30190,2023-08-08,유가증권시장 상장,NICE평가정보
13,311,지나인제약,78650,2023-07-21,감사의견 거절(감사범위 제한 및 계속기업가정 불확실성),
14,310,DB금융스팩8호,367340,2023-07-17,상장예비심사 청구서 미제출로 관리종목 지정 후 1개월 이내 동 사유 미해소,
15,309,멜파스,96640,2023-07-17,기업의 계속성 및 경영의 투명성 등을 종합적으로 고려하여 상장폐지기준에 해당한다고 결정,
16,308,비에이치,90460,2023-06-20,유가증권시장 상장,비에이치
17,307,하나금융19호스팩,388220,2023-05-23,피흡수합병(스팩소멸합병),
18,306,미래에셋대우스팩 5호,353490,2023-05-17,상장예비심사 청구서 미제출로 관리종목 지정 후 1개월 이내 동 사유 미해소,
19,305,엠피씨플러스,50540,2023-05-08,감사의견 거절(감사범위 제한),
20,304,엔에이치스팩22호,396770,2023-04-28,피흡수합병(스팩소멸합병),
21,303,대신밸런스제12호스팩,426670,2023-04-20,피흡수합병(스팩소멸합병),
22,302,SK오션플랜트,100090,2023-04-19,유가증권시장 상장,SK오션플랜트
23,301,제이웨이,58420,2023-04-14,감사의견 거절(감사범위 제한 및 계속기업가정 불확실성),
24,300,코원플레이,56000,2023-03-30,감사의견 거절(감사범위 제한 및 계속기업가정 불확실성),
25,299,대신밸런스제10호스팩,387310,2023-03-16,피흡수합병(스팩소멸합병),
26,298,에이치엠씨제4호스팩,353070,2023-03-10,상장예비심사 청구서 미제출로 관리종목 지정 후 1개월 이내 동 사유 미해소,
27,297,대신밸런스제11호스팩,397500,2023-03-09,피흡수합병(스팩소멸합병),
28,296,하나금융16호스팩,343510,2023-03-02,상장예비심사 청구서 미제출로 관리종목 지정 후 1개월 이내 동 사유 미해소,
29,295,IBKS제13호스팩,351340,2023-02-21,상장예비심사 청구서 미제출로 관리종목 지정 후 1개월 이내 동 사유 미해소,
30,294,신영스팩6호,344050,2023-02-17,피흡수합병(스팩소멸합병),
31,293,유네코,64510,2023-01-17,감사의견 거절(감사범위 제한 및 계속기업 존속능력 불확실성),
32,292,케이비제20호스팩,342550,2022-12-29,피흡수합병(스팩소멸합병),
33,291,이베스트스팩5호,349720,2022-12-26,상장예비심사 청구서 미제출로 관리종목 지정 후 1개월 이내 동 사유 미해소,
34,290,하나금융15호스팩,341160,2022-12-23,피흡수합병(스팩소멸합병),
35,289,켐온,217600,2022-12-16,피흡수합병,
36,288,코리아센터,290510,2022-12-16,피흡수합병,
37,287,유안타제7호스팩,367460,2022-12-08,피흡수합병(스팩소멸합병),
38,286,원익피앤이,131390,2022-11-29,피흡수합병,
39,285,참존글로벌,158310,2022-11-09,기업의 계속성 및 경영의 투명성 등을 종합적으로 고려하여 상장폐지기준에 해당한다고 결정,
40,284,레드로버,60300,2022-11-04,기업의 계속성 및 경영의 투명성 등을 종합적을 고려하여 상장폐지기준에 해당한다고 결정,
41,283,LX세미콘,108320,2022-11-03,유가증권시장 상장,LX세미콘
42,282,케이프이에스제4호,347140,2022-10-31,상장예비심사 청구서 미제출로 관리종목 지정 후 1개월 이내 동 사유 미해소,
43,281,뉴로스,126870,2022-10-26,감사의견 거절(감사범위 제한 및 계속기업 존속능력 불확실성),
44,280,SK5호스팩,337450,2022-10-18,피흡수합병(스팩소멸합병),
45,279,SK6호스팩,340350,2022-10-18,상장예비심사 청구서 미제출로 관리종목 지정 후 1개월 이내 동 사유 미해소,
46,278,연이비앤티,90740,2022-10-17,기업의 계속성 및 경영의 투명성 등을 종합적으로 고려하여 상장폐지기준에 해당한다고 결정,
47,277,테라셈,182690,2022-10-17,감사의견 거절(감사범위 제한),
48,276,한일네트웍스,46110,2022-10-05,상장폐지 신청('22.08.31),
49,275,하나금융14호스팩,332710,2022-09-26,상장예비심사 청구서 미제출로 관리종목 지정 후 1개월 이내 동사유 미해소,
50,274,매직마이크로,127160,2022-09-22,감사의견 거절(감사범위 제한 및 계속기업 존속능력 불확실성),
51,273,소리바다,53110,2022-09-07,감사의견 거절(감사범위 제한),
52,272,하이제5호스팩,340120,2022-07-28,상장예비심사 청구서 미제출로 관리종목 지정 후 1개월 이내 동사유 미해소,
53,271,에이치엔티,176440,2022-06-27,기업의 계속성 및 경영의 투명성 등을 종합적을 고려하여 상장폐지기준에 해당한다고 결정,
54,270,맘스터치,220630,2022-05-31,상장폐지 신청('22.03.30),
55,269,에스에이치엔엘,50320,2022-05-31,감사의견 거절,
56,268,세영디앤씨,52190,2022-05-27,감사의견 거절(감사범위 제한 및 계속기업 존속능력에 대한 불확실성),
57,267,SNK,950180,2022-05-18,상장폐지 신청('22.04.14),
58,266,케이비제19호스팩,330990,2022-05-09,상장예비심사 청구서 미제출로 관리종목 지정 후 1개월 이내 동사유 미해소,
59,265,현진소재,53660,2022-04-26,감사의견 거절(감사범위 제한 및 계속기업 존속능력에 대한 불확실성),
60,264,스포츠서울,39670,2022-04-20,기업의 계속성 및 경영의 투명성 등을 종합적으로 고려하여 상장폐지기준에 해당한다고 결정,
61,263,넥슨지티,41140,2022-04-15,피흡수합병,
62,262,한프,66110,2022-04-06,감사의견 거절(감사범위 제한),
63,261,상상인이안제2호스팩,329560,2022-04-04,상장예비심사 청구서 미제출로 관리종목 지정 후 1개월 이내 동사유 미해소,
64,260,씨엠에스에듀,225330,2022-03-17,피흡수합병,
65,259,지스마트글로벌,114570,2022-02-23,감사의견 거절(감사범위 제한 및 계속기업 존속능력에 대한 불확실성),
66,258,이베스트이안스팩1호,323210,2022-02-17,상장예비심사 청구서 미제출로 관리종목 지정 후 1개월 이내 동사유 미해소,
67,257,케이비제18호스팩,323940,2022-02-04,상장예비심사 청구서 미제출로 관리종목 지정 후 1개월 이내 동사유 미해소,
68,256,자안바이오,221610,2022-01-05,발행한 어음 또는 수표가 주거래은행에 의하여 최종부도로 결정되거나 거래은행에 의한 거래정지,
69,255,SK머티리얼즈,36490,2021-12-27,피흡수합병,
70,254,GV,45890,2021-12-20,해산사유 발생(파산선고),
71,253,유안타제4호스팩,313750,2021-12-07,상장예비심사 청구서 미제출로 관리종목 지정 후 1개월 이내 동사유 미해소,
72,252,한화에스비아이스팩,317320,2021-12-07,상장예비심사 청구서 미제출로 관리종목 지정 후 1개월 이내 동 사유 미해소,
73,251,녹십자셀,31390,2021-11-17,피흡수합병,
74,250,케이비17호스팩,317030,2021-11-04,상장예비심사 청구서 미제출로 관리종목 지정 후 1개월 이내 동사유 미해소,
75,249,이엠네트웍스,87730,2021-10-08,기업의 계속성 및 경영의 투명성 등을 종합적으로 고려하여 상장폐지기준에 해당한다고 결정,
76,248,코너스톤네트웍스,33110,2021-10-08,감사의견 거절(감사범위 제한 및 계속기업 존속능력에 대한 불확실성),
77,247,에이아이비트,39230,2021-10-06,감사의견 거절(감사범위 제한),
78,246,미래테크놀로지,213090,2021-10-05,피흡수합병,
79,245,지유온,111820,2021-09-30,기업의 계속성 및 경영의 투명성 등을 종합적으로 고려하여 상장폐지기준에 해당한다고 결정,
80,244,엔에이치스팩13호,310840,2021-09-23,상장예비심사청구서 미제출,
81,243,맥스로텍,141070,2021-09-16,발행한 어음 또는 수표가 주거래은행에 의하여 최종부도로 결정되거나 거래은행에 의한 거래정지,
82,242,에스제이케이,80440,2021-09-13,해산사유 발생(파산선고),
83,241,디에스티,33430,2021-09-02,감사의견 한정(감사범위 제한),
84,240,화신테크,86250,2021-08-31,감사의견 거절(감사범위 제한),
85,239,팍스넷,38160,2021-08-23,감사의견 거절(감사범위 제한 및 계속기업 존속능력에 대한 불확실성),
86,238,럭슬,33600,2021-08-11,감사의견 거절(감사범위 제한),
87,237,PI첨단소재,178920,2021-08-09,유가증권시장 상장,PI첨단소재
88,236,제낙스,65620,2021-08-09,감사의견 거절(감사범위 제한 및 계속기업 존속능력에 대한 불확실성),
89,235,키움제5호스팩,311270,2021-08-02,상장예비심사 청구서 미제출로 관리종목 지정 후 1개월 이내 동사유 미해소,
90,234,케이맥,43290,2021-07-20,피흡수합병,
91,233,GS홈쇼핑,28150,2021-07-16,피흡수합병,
92,232,SK4호스팩,307070,2021-07-13,상장예비심사 청구서 미제출로 관리종목 지정 후 1개월 이내 동사유 미해소,
93,231,하나머스트제6호스팩,307160,2021-07-08,상장예비심사 청구서 미제출로 관리종목 지정 후 1개월 이내 동사유 미해소,
94,230,엠씨넥스,97520,2021-07-06,유가증권시장 상장,엠씨넥스
95,229,에스앤씨엔진그룹,900080,2021-06-14,"법정제출기한까지 사업보고서를 제출하지 아니한 후, 법정제출기한의 다음날부터 10일이내에 사업보고서를 제출하지 아니함",
96,228,아이엠텍,226350,2021-06-11,감사의견 거절(감사범위 제한),
97,227,퓨전,195440,2021-06-10,감사의견 거절(감사범위 제한 및 계속기업 존속능력에 대한 불확실성),
98,226,행남사,8800,2021-06-07,기업의 계속성 및 경영의 투명성 등을 종합적으로 고려하여 상장폐지기준에 해당한다고 결정,
99,225,에이팸,73070,2021-06-04,기업의 계속성 및 경영의 투명성 등을 종합적으로 고려하여 상장폐지기준에 해당,
100,224,에이치디,102210,2021-04-19,기업의 계속성 및 경영의 투명성 등을 종합적으로 고려하여 상장폐지기준에 해당한다고 결정,
101,223,한국아트라스비엑스,23890,2021-04-19,피흡수합병,
102,222,미래SCI,28040,2021-04-13,"최근 2년간 3회 이상 공시규정 제19조제1항의 규정에 의한 사업보고서, 반기보고서 또는 분기보고서 법정제출기한 내 미제출",
103,221,이매진아시아,36260,2021-02-15,기업의 계속성 및 경영의 투명성 등을 종합적으로 고려하여 상장폐지기준에 해당,
104,220,한국제7호스팩,291210,2021-01-15,상장예비심사 청구서 미제출로 관리종목 지정 후 1개월 이내 동사유 미해소,
105,219,에스케이엔펄스,57500,2020-12-23,타법인의 완전자회사로 편입,
106,218,파티게임즈,194510,2020-09-09,감사의견거절(감사범위 제한),
107,217,신한제4호스팩,277480,2020-08-20,상장예비심사 청구서 미제출로 관리종목 지정 후 1개월 이내 동 사유 미해소,
108,216,코썬바이오,204990,2020-08-11,기업의 계속성 및 경영의 투명성 등을 종합적으로 고려하여 상장폐지기준에 해당한다고 결정,
109,215,바이오빌,65940,2020-07-31,감사의견 거절(감사범위 제한 및 계속기업 존속능력에 대한 불확실성),
110,214,한국제6호스팩,281410,2020-07-27,상장예비심사 청구서 미제출로 관리종목 지정 후 1개월 이내 동 사유 미해소,
111,213,인터파크,108790,2020-07-16,피흡수합병,
112,212,모다,149940,2020-07-10,감사의견거절(감사범위 제한),
113,211,한화에이스스팩4호,279410,2020-07-03,상장예비심사 청구서 미제출로 관리종목 지정 후 1개월 이내 동 사유 미해소,
114,210,화진,134780,2020-07-02,감사의견거절(감사범위제한),
115,209,에스에프씨,112240,2020-06-30,감사의견 거절(감사범위 제한),
116,208,IBKS제7호스팩,276920,2020-06-18,상장예비심사 청구서 미제출로 관리종목 지정 후 1개월 이내 동 사유 미해소,
117,207,이엘케이,94190,2020-05-22,감사의견 거절(감사범위 제한 및 계속기업 존속능력에 대한 불확실성),
118,206,차이나그레이트,900040,2020-05-22,"법정제출기한까지 사업보고서를 제출하지 아니한 후, 법정제출기한의 다음날부터 10일이내에 사업보고서를 제출하지 아니함",
119,205,피앤텔,54340,2020-05-21,감사의견 거절(감사범위 제한 및 계속기업 존속능력에 대한 불확실성),
120,204,에스마크,30270,2020-05-21,감사의견거절(감사범위제한 및 계속기업 존속 불확실),
121,203,리드,197210,2020-05-14,기업의 계속성 및 경영의 투명성 등을 종합적으로 고려하여 상장폐지기준에 해당한다고 결정,
122,202,파인넥스,123260,2020-04-10,"제28조제1항제9호에 따라 관리종목 지정 후 공시규정 제19조제1항에 따른 사업보고서 법정제출기한 내 미제출, 최근 2년간 3회 이상 공시규정 제19조제1항의 규정에 의한 사업보고서, 반기보고서 또는 분기보고서 법정제출기한 내 미제출",
123,201,한국제5호스팩,271740,2020-03-03,상장예비심사 청구서 미제출로 관리종목 지정 후 1개월 이내 동 사유 미해소,
124,200,썬텍,122800,2020-02-12,기업의 계속성 및 경영의 투명성 등을 종합적으로 고려하여 상장폐지기준에 해당한다고 결정,
125,199,한컴지엠디,77280,2020-01-16,피흡수합병,
126,198,한화수성스팩,265920,2020-01-15,상장예비심사 청구서 미제출로 관리종목 지정후 1개월 이내 동사유를 미해소,
127,197,미래에셋대우스팩1호,265480,2020-01-03,상장예비심사 청구서 미제출로 관리종목 지정 후 1개월 이내 동 사유 미해소,
128,196,제이테크놀로지,35480,2019-12-12,기업의 계속성 및 경영의 투명성 등을 종합적으로 고려하여 상장폐지기준에 해당한다고 결정,
129,195,한화에이스스팩3호,264290,2019-12-06,상장예비심사 청구서 미제출로 관리종목 지정 후 1개월 이내 동 사유 미해소,
130,194,데코앤이,17680,2019-11-20,발행한 어음 또는 수표가 주거래은행에 의하여 최종부도로 결정되거나 거래은행에 의한 거래정지,
131,193,콘텐트리중앙,36420,2019-10-18,유가증권시장 상장,콘텐트리중앙
132,192,대신밸런스제4호스팩,262830,2019-10-10,상장예비심사 청구서 미제출로 관리종목 지정 후 1개월 이내 동 사유 미해소,
133,191,신한제3호스팩,257730,2019-10-01,상장예비심사 청구서 미제출로 관리종목 지정 후 1개월 이내 동 사유 미해소,
134,190,쿠첸,225650,2019-09-16,타법인의 완전자회사로 편입,
135,189,SK3호스팩,232330,2019-08-30,상장예비심사 청구서 미제출로 관리종목 지정 후 1개월 이내 동 사유 미해소,
136,188,현대정보기술,26180,2019-07-17,피흡수합병,
137,187,포스코퓨처엠,3670,2019-05-29,유가증권시장 상장,포스코퓨처엠
138,186,에프티이앤이,65160,2019-05-03,감사의견 거절(감사범위 제한),
139,185,더블유게임즈,192080,2019-03-12,유가증권시장 상장,더블유게임즈
140,184,원익테라세미콘,123100,2019-02-20,피흡수합병,
141,183,한국4호스팩,240540,2019-01-29,상장예비심사 청구서 미제출로 관리종목 지정 후 1개월 이내 동 사유 미해소,
142,182,차이나하오란,900090,2019-01-02,제28조제1항제9호에 따라 관리종목 지정 후 공시규정 제19조 제1항에 따른 분기보고서 법정기한 내 미제출,
143,181,지디,155960,2018-10-12,감사의견 거절(감사범위 제한),
144,180,하이에이아이1호스팩,235010,2018-10-12,상장예비심사 청구서 미제출로 관리종목 지정 후 1개월 이내 동 사유 미해소,
145,179,케이비제9호스팩,232270,2018-10-12,상장예비심사 청구서 미제출로 관리종목 지정 후 1개월 이내 동 사유 미해소,
146,178,우성아이비,194610,2018-10-12,감사의견거절(감사범위 제한 및 계속기업 존속능력에 대한 불확실성),
147,177,위너지스,26260,2018-10-11,감사의견거절(감사범위 제한),
148,176,트레이스,52290,2018-10-11,감사의견거절(감사범위 제한),
149,175,넥스지,81970,2018-10-11,감사의견거절(감사범위제한),
150,174,C&S자산관리,32040,2018-10-11,감사의견거절(범위제한 및 계속기업 존속능력에 대한 불확실성),
151,173,레이젠,47440,2018-10-11,감사의견거절(감사범위 제한 및 계속기업 존속능력에 대한 불확실성),
152,172,카카오M,16170,2018-09-18,피흡수합병,
153,171,에임하이,43580,2018-08-10,감사의견거절(감사범위 제한),
154,170,동부제4호스팩,230490,2018-07-26,상장예비심사 청구서 미제출로 관리종목 지정 후 1개월 이내 동 사유 미해소,
155,169,CJ E&M,130960,2018-07-18,피흡수합병,
156,168,SIMPAC Metal,90730,2018-07-17,피흡수합병,
157,167,하림홀딩스,24660,2018-07-16,피흡수합병,
158,166,신텍,99660,2018-07-09,발행한 어음 또는 수표가 주거래은행에 의하여 최종부도로 결정되거나 거래은행에 의한 거래정지,
159,165,키움스팩4호,226850,2018-06-05,상장예비심사 청구서 미제출로 관리종목 지정 후 1개월 이내 동 사유 미해소,
160,164,이베스트스팩3호,225440,2018-05-28,상장예비심사 청구서 미제출로 관리종목 지정 후 1개월 이내 동 사유 미해소,
161,163,완리,900180,2018-05-23,감사의견거절(감사범위 제한),
162,162,스틸플라워,87220,2018-05-08,감사의견거절(감사범위 제한 및 계속기업 존속능력에 대한 불확실성),
163,161,씨그널엔터테인먼트그룹,99830,2018-05-04,감사의견거절(감사범위 제한),
164,160,유진스팩3호,221200,2018-04-17,상장예비심사 청구서 미제출로 관리종목 지정 후 1개월 이내 동 사유 미해소,
165,159,교보5호스팩,223040,2018-03-30,상장예비심사 청구서 미제출로 관리종목 지정 후 1개월 이내 동 사유 미해소,
166,158,케이비드림3호스팩,221950,2018-03-30,상장예비심사 청구서 미제출로 관리종목 지정 후 1개월 이내 동 사유 미해소,
167,157,썬코어,51170,2018-03-15,'16사업연도 감사의견거절(계속기업 존속능력에 대한 불확실성) 및 '17사업연도 반기 감사의견거절(계속기업 존속능력에 대한 불확실성),
168,156,케이비제8호스팩,222390,2018-03-13,상장예비심사 청구서 미제출로 관리종목 지정 후 1개월 이내 동 사유 미해소,
169,155,위노바,39790,2018-03-09,기업의 계속성 및 경영의 투명성 등을 종합적으로 고려하여 상장폐지기준에 해당한다고 결정,
170,154,한화에이스스팩2호,219860,2018-03-02,상장예비심사 청구서 미제출로 관리종목 지정 후 1개월 이내 동 사유 미해소,
171,153,유안타제2호스팩,219960,2018-02-23,상장예비심사 청구서 미제출로 관리종목 지정 후 1개월 이내 동 사유 미해소,
172,152,키움스팩3호,218710,2018-02-14,상장예비심사 청구서 미제출로 관리종목 지정 후 1개월 이내 동 사유 미해소,
173,151,셀트리온,68270,2018-02-09,유가증권시장 상장,셀트리온
174,150,골든브릿지제3호스팩,219580,2018-02-07,상장예비심사 청구서 미제출로 관리종목 지정 후 1개월 이내 동 사유 미해소,
175,149,엔에이치스팩7호,217810,2018-01-19,상장예비심사 청구서 미제출로 관리종목 지정 후 1개월 이내 동 사유 미해소,
176,148,미래에셋제3호스팩,215750,2018-01-04,상장예비심사 청구서 미제출로 관리종목 지정 후 1개월 이내 동 사유 미해소,
177,147,대우스팩3호,215580,2017-12-26,상장예비심사 청구서 미제출로 관리종목 지정 후 1개월 이내 동 사유 미해소,
178,146,아이이,23430,2017-12-20,기업의 계속성 및 경영의 투명성 등을 종합적으로 고려하여 상장폐지기준에 해당한다고 결정,
179,145,SK1호스팩,207930,2017-11-06,상장예비심사 청구서 미제출로 관리종목 지정 후 1개월 이내 동 사유 미해소,
180,144,골든브릿지제2호스팩,206660,2017-10-20,상장예비심사 청구서 미제출로 관리종목 지정 후 1개월 이내 동 사유 미해소,
181,143,엔에이치SL스팩,207720,2017-10-16,상장예비심사 청구서 미제출로 관리종목 지정 후 1개월 이내 동 사유 미해소,
182,142,한진피앤씨,61460,2017-09-29,피흡수합병,
183,141,엔에스브이,95300,2017-09-12,"감사의견 거절(내부회계관리제도상의 취약점, 계속기업가정의 불확실성 및 재고자산 관련 감사범위 제한)",
184,140,하나머스트3호스팩,208870,2017-07-31,상장예비심사 청구서 미제출로 관리종목 지정 후 1개월 이내 동 사유 미해소,
185,139,웨이포트,900130,2017-07-25,상장폐지 신청('17.06.22),
186,138,카카오,35720,2017-07-10,유가증권시장 상장,카카오
187,137,케이티비스팩1호,204650,2017-07-07,상장예비심사 청구서 미제출로 관리종목 지정 후 1개월 이내 동 사유 미해소,
188,136,현대에이블스팩1호,204760,2017-06-15,상장예비심사 청구서 미제출로 관리종목 지정 후 1개월 이내 동 사유 미해소,
189,135,대우스팩2호,204440,2017-05-29,상장예비심사 청구서 미제출로 관리종목 지정 후 1개월 이내 동 사유 미해소,
190,134,에스에스컴텍,36500,2017-05-11,감사의견 거절(감사범위 제한 및 계속기업 존속능력에 대한 불확실성),
191,133,비엔씨컴퍼니,58370,2017-05-08,감사범위제한으로 인한 한정의견,
192,132,신양오라컴,86830,2017-05-08,감사의견 거절(감사범위 제한 및 계속기업 존속능력에 대한 불확실성),
193,131,우전,52270,2017-04-13,자본전액잠식 등,
194,130,케이엔씨글로벌,68150,2017-03-07,기업의 계속성 및 경영의 투명성 등을 종합적으로 고려하여 상장폐지기준에 해당한다고 결정,
195,129,SK컴즈,66270,2017-02-27,상장폐지신청('17.02.07),
196,128,프리젠,60910,2017-02-24,최근 5사업연도 연속 영업손실 발생,
197,127,아이팩토리,53810,2016-09-19,감사의견 거절(감사범위 제한 및 기업회계기준 위배),
198,126,씨엘인터내셔널,37340,2016-09-08,2반기 연속 자본잠식률 50% 이상,
199,125,엠제이비,74150,2016-09-05,감사의견거절(감사범위 제한),
200,124,부산방직,25270,2016-08-18,피흡수합병,
201,123,피엘에이,82390,2016-07-25,기업의 계속성 및 경영의 투명성 등을 종합적으로 고려하여 상장폐지기준에 해당한다고 결정,
202,122,동서,26960,2016-07-15,유가증권시장 상장,동서
203,121,한국토지신탁,34830,2016-07-11,유가증권시장 상장,한국토지신탁
204,120,제이앤유글로벌,86200,2016-05-09,감사의견거절(감사범위 제한),
205,119,오상헬스케어,36220,2016-05-09,감사의견 거절(감사범위 제한으로 인한 의견거절),
206,118,아이디에스,78780,2016-04-28,'14사업연도 자본잠식률 50%이상 사유로 관리종목 지정 후 '15사업연도 반기 감사의견 거절,
207,117,삼목강업,158380,2016-04-21,피흡수합병,
208,116,플렉스컴,65270,2016-04-12,자본전액잠식,
209,115,승화프리텍,111610,2016-01-25,"기업의 계속성, 경영의 투명성 또는 그 밖에 코스닥시장의 건전성 등을 종합적으로 고려하여 상장폐지 기준에 해당한다고 결정",
210,114,GT&T,53870,2015-10-15,'14사업연도 자본잠식률 50%이상 사유로 관리종목 지정 후 '15사업연도 반기 감사의견 거절,
211,113,KCW,68060,2015-09-18,"기업의 계속성, 경영의 투명성 또는 그 밖에 코스닥시장의 건전성 등을 종합적으로 고려하여 상장폐지 기준에 해당한다고 결정",
212,112,디아이디,74130,2015-07-23,"기업의 계속성, 경영의 투명성 또는 그 밖에 코스닥시장의 건전성 등을 종합적으로 고려하여 상장폐지 기준에 해당한다고 결정",
213,111,동성하이켐,13450,2015-07-20,피흡수합병,
214,110,와이즈파워,40670,2015-07-16,자본전액잠식 등,
215,109,에이스하이텍,71930,2015-07-10,감사의견거절(감사범위 제한),
216,108,SK브로드밴드,33630,2015-07-01,상장폐지신청('15.6.11),
217,107,티에스엠텍,66350,2015-05-20,발행한 어음 또는 수표가 주거래은행에 의하여 최종부도로 결정되거나 거래은행에 의한 거래정지,
218,106,태창파로스,39850,2015-05-19,기업의 계속성 및 경영의 투명성 등을 종합적으로 고려하여 상장폐지기준에 해당한다고 결정,
219,105,씨앤케이인터,39530,2015-05-19,기업의 계속성 및 경영의 투명성 등을 종합적으로 고려하여 상장폐지기준에 해당한다고 결정,
220,104,잘만테크,90120,2015-05-13,감사의견 거절(계속기업 존속능력에 대한 불확실성 및 감사범위 제한),
221,103,해피드림,65180,2015-05-04,감사범위제한으로 인한 한정의견,
222,102,영진코퍼레이션,53330,2015-04-23,자본전액잠식,
223,101,울트라건설,4320,2015-04-13,자본전액잠식,
224,100,우양에이치씨,101970,2015-03-17,발행한 어음 또는 수표가 주거래은행에 의하여 최종부도로 결정되거나 거래은행에 의한 거래 정지,
225,99,국제엘렉트릭,53740,2015-02-10,상장폐지 신청('15.01.15),
226,98,터보테크,32420,2015-01-27,기업의 계속성 및 경영의 투명성 등을 종합적으로 고려하여 상장폐지기준에 해당한다고 결정,
227,97,디지텍시스템,91690,2015-01-21,감사의견 거절(감사범위 제한 및 계속기업 존속능력에 대한 불확실성),
228,96,뉴아세아,13340,2014-09-02,감사의견거절(감사범위 제한 및 계속기업 존속능력에 대한 불확실성),
229,95,디브이에스,46400,2014-09-02,감사의견거절(감사범위제한),
230,94,유니드코리아,110500,2014-09-02,감사의견 거절(계속기업 존속능력에 대한 불확실성),
231,93,에버테크노,70480,2014-07-17,감사의견 거절(감사범위 제한 및 계속기업 존속능력에 대한 불확실성,
232,92,실리콘화일,82930,2014-05-23,상장폐지신청('14.04.22),
233,91,CU전자,56340,2014-05-21,최종부도 발생,
234,90,아라온테크,41060,2014-05-08,감사의견 거절(감사범위 제한 및 계속기업 존속능력에 대한 불확실성),
235,89,쌍용건설,12650,2014-04-11,자본전액잠식 등,
236,88,나노트로닉스,10670,2014-04-11,기업의 계속성 및 경영의 투명성 등을 종합적으로 고려하여 상장폐지기준에 해당,
237,87,모린스,110310,2014-04-11,자본전액잠식 등,
238,86,태산엘시디,36210,2014-04-11,자본전액잠식등,
239,85,엠텍비젼,74000,2014-03-27,최근 5사업연도 연속 영업손실 발생 등,
240,84,렉스엘이앤지,4790,2014-03-04,"기업의 계속성, 경영의 투명성 또는 기타 코스닥시장의 건전성 등을 종합적으로 고려하여 상장폐지가 필요하다고 인정",
241,83,세미텍,81220,2014-03-03,피흡수합병,
242,82,테라리소스,53320,2014-02-07,기업의 계속성 및 경영의 투명성 등을 종합적으로 고려하여 상장폐지기준에 해당,
243,81,중국식품포장,900060,2013-10-11,상장폐지신청('13.09.06),
244,80,예당,49000,2013-09-10,기업의 계속성 및 경영의 투명성 등을 종합적으로 고려하여 상장폐지기준에 해당,
245,79,위다스,56810,2013-09-10,의견거절(감사범위 제한),
246,78,지아이바이오,35450,2013-08-07,감사의견거절(감사범위 제한 및 계속기업으로서의 존속능력에 대한 불확실성),
247,77,IBKS스팩1호,126680,2013-07-29,상장예비심사 청구서 미제출로 관리종목 지정 후 1개월 이내 동 사유 미해소,
248,76,에스비엠,37630,2013-07-24,감사의견거절(감사범위 제한 및 계속기업으로서의 존속능력에 대한 불확실성),
249,75,동부티에스블랙펄스팩,128910,2013-07-15,상장예비심사 청구서 미제출로 관리종목 지정 후 1개월 이내 동 사유 미해소,
250,74,제너시스템즈,73930,2013-07-12,자본전액잠식,
251,73,우경,25920,2013-07-10,감사의견거절(감사범위 제한),
252,72,3노드디지탈,900010,2013-06-05,상장폐지 신청('13.05.08),
253,71,부국퓨쳐스타즈스팩,123300,2013-06-03,상장예비심사 청구서 미제출로 관리종목 지정 후 1개월 이내 동 사유 미해소,
254,70,지앤에스티,36920,2013-05-07,감사의견거절(감사범위 제한),
255,69,룩손에너지,33550,2013-05-07,감사의견거절(감사범위 제한 및 계속기업으로서의 존속능력에 대한 불확실성),
256,68,마이스코,88700,2013-05-04,감사의견거절(계속기업으로서의 존속능력에 대한 불확실성),
257,67,네오퍼플,28090,2013-05-03,감사의견거절(감사범위 제한 및 계속기업으로서의 존속능력에 대한 불확실성),
258,66,에듀언스,9010,2013-05-01,감사의견거절(감사범위 제한 및 계속기업으로서의 존속능력에 대한 불확실성),
259,65,자유투어,46840,2013-05-01,감사의견거절(감사범위 제한),
260,64,유일엔시스,38720,2013-05-01,감사의견 부적정,
261,63,디에스,51710,2013-05-01,감사의견거절(감사범위 제한 및 계속기업으로서의 존속능력에 대한 불확실성),
262,62,아큐텍,13780,2013-04-23,"기업의 계속성, 경영의 투명성 또는 기타 코스닥시장의 건전성 등을 종합적으로 고려하여 상장폐지가 필요하다고 인정",
263,61,유에이블,71530,2013-04-23,"기업의 계속성, 경영의 투명성 또는 기타 코스닥시장의 건전성 등을 종합적으로 고려하여 상장폐지가 필요하다고 인정",
264,60,이디디컴퍼니,52650,2013-04-12,반기 재무제표에 대한 검토의견거절로 관리종목 지정후 자본잠식률 50% 이상,
265,59,삼우이엠씨,26250,2013-04-12,자본전액잠식,
266,58,휴먼텍코리아,66060,2013-04-12,자본전액잠식,
267,57,엔터미디어,68420,2013-04-06,"기업의 계속성, 경영의 투명성 또는 기타 코스닥시장의 건전성 등을 종합적으로 고려하여 상장폐지가 필요하다고 인정",
268,56,대신증권그로쓰스팩,123550,2013-03-29,상장예비심사 청구서 미제출로 관리종목 지정 후 1개월 이내 동 사유 미해소,
269,55,한국스팩1호,123290,2013-03-29,상장예비심사 청구서 미제출로 관리종목 지정 후 1개월 이내 동 사유 미해소,
270,54,에스비아이앤솔로몬스,123910,2013-03-29,상장예비심사 청구서 미제출로 관리종목 지정 후 1개월 이내 동 사유 미해소,
271,53,신민저축은행,31920,2013-02-27,2반기 연속 자본잠식률 50%이상,
272,52,트라이써클,34010,2013-02-21,"기업의 계속성, 경영의 투명성 또는 기타 코스닥시장의 건전성 등을 종합적으로 고려하여 상장폐지가 필요하다고 인정",
273,51,한화SV스팩1호,124050,2013-02-15,상장예비심사 청구서 미제출로 관리종목 지정후 1개월 이내 동 사유 미해소,
274,50,AD모터스,38120,2013-01-30,"기업의 계속성, 경영의 투명성 또는 기타 코스닥시장의 건전성 등을 종합적으로 고려하여 상장폐지가 필요하다고 인정",
275,49,히든챔피언스팩1호,123160,2013-01-18,상장예비심사 청구서 미제출로 관리종목 지정후 1개월 이내 동 사유 미해소,
0,163,유투바이오,221800,2023-11-02,코스닥시장 이전상장,유투바이오
1,162,에스엘에스바이오,246250,2023-10-20,코스닥시장 이전상장,에스엘에스바이오
2,161,피엔아이컴퍼니,242350,2023-09-18,지정자문인 선임계약 해지 후 30일 이내 미체결(2023.9.4 限),
3,160,빅텐츠,210120,2023-08-17,코스닥시장 이전상장,빅텐츠
4,159,데이드림엔터,348840,2023-08-10,상장폐지 신청,
5,158,시큐센,232830,2023-06-29,코스닥시장 이전상장,시큐센
6,157,프로티아,303360,2023-06-16,코스닥시장 이전상장,프로티아
7,156,라이프사이언스테크놀로지,285770,2023-06-12,외부감사인의 감사의견 의견거절,
8,155,바이오시네틱스,281310,2023-06-12,외부감사인의 감사의견 의견거절,
9,154,청광건설,140290,2023-05-08,상장폐지 신청,
10,153,무송지오씨,135160,2023-05-02,발행한 어음 또는 수표가 주거래은행에 의하여 최종부도로 결정되거나 거래은행에 의한 거래정지,
11,152,토마토시스템,393210,2023-04-27,코스닥시장 이전상장,토마토시스템
12,151,비엔디생활건강,215050,2023-04-21,감사의견 의견거절(감사범위제한),
13,150,명진홀딩스,267060,2023-04-18,지정자문인 선임계약 해지 후 30일 이내 미체결(2023.4.4 限),
14,149,다이오진,271850,2023-04-12,지정자문인 선임계약 해지 후 30일 이내 미체결(2023.3.29 限),
15,148,앙츠,267810,2023-04-04,지정자문인 선임계약 해지 후 30일 이내 미체결(2023.3.21 限),
16,147,이노진,344860,2023-02-20,코스닥시장 이전상장,이노진
17,146,오션스톤,329020,2022-12-27,지정자문인 선임계약 해지 후 30일 이내 미체결(2022.12.13 限),
18,145,유비온,84440,2022-11-18,코스닥시장 이전상장,유비온
19,144,선바이오,67370,2022-10-05,코스닥시장 이전상장,선바이오
20,143,원텍,216280,2022-06-30,피흡수합병,
21,142,비플라이소프트,148780,2022-06-20,코스닥시장 이전상장,비플라이소프트
22,141,티티씨디펜스,309900,2022-06-16,외부감사인의 감사의견 의견거절,
23,140,인터코스,240340,2022-05-17,외부감사인의 감사의견 의견거절,
24,139,미애부,225850,2022-04-27,감사의견 의견거절(감사범위제한 및 계속기업 존속불확실성),
25,138,엠앤씨생명과학,225860,2022-04-27,감사의견 의견거절(감사범위제한 및 계속기업 존속불확실성),
26,137,이십일스토어,270020,2022-04-14,사업보고서 법정제출기한('22.3.31限) 내 미제출,
27,136,케어룸의료산업,327970,2022-03-11,상장폐지 신청,
28,135,인카금융서비스,211050,2022-02-16,코스닥시장 이전상장,인카금융서비스
29,134,애드바이오텍,179530,2022-01-24,코스닥시장 이전상장,애드바이오텍
30,133,래몽래인,200350,2021-12-30,코스닥시장 이전상장,래몽래인
31,132,툴젠,199800,2021-12-10,코스닥시장 이전상장,툴젠
32,131,에스에이티이엔지,158300,2021-12-09,피흡수합병,
33,130,다이노나,86080,2021-11-22,피흡수합병,
34,129,바이옵트로,222160,2021-11-18,코스닥시장 이전상장,바이옵트로
35,128,에스앤디,260970,2021-09-29,코스닥시장 이전상장,에스앤디
36,127,에이비온,203400,2021-09-08,코스닥시장 이전상장,에이비온
37,126,폭스소프트,354230,2021-09-01,지정자문인 선임계약 해지 후 30일 이내 미체결(2021.8.18 限),
38,125,엠로,58970,2021-08-13,코스닥시장 이전상장,엠로
39,124,에브리봇,270660,2021-07-28,코스닥시장 이전상장,에브리봇
40,123,휴럼,284420,2021-07-27,피흡수합병,
41,122,라온테크,232680,2021-06-17,코스닥시장 이전상장,라온테크
42,121,SGA클라우드서비스,224880,2021-05-06,분산요건 미달,
43,120,전우정밀,120780,2021-05-06,분산요건 미달,
44,119,구스앤홈,329050,2021-04-13,사업보고서 법정제출기한('21.3.31限)내 미제출,
45,118,씨이랩,189330,2021-02-24,코스닥시장 이전상장,씨이랩
46,117,피엔에이치테크,239890,2021-02-16,코스닥시장 이전상장,피엔에이치테크
47,116,원바이오젠,278380,2021-02-09,피흡수합병,
48,115,이에스산업,241510,2021-01-26,지정자문인 선임계약 해지 후 30일 이내 미체결(2021.1.13 限),
49,114,엠에프엠코리아,251960,2020-12-30,피흡수합병,
50,113,TS트릴리온,284610,2020-12-30,피흡수합병,
51,112,지놈앤컴퍼니,314130,2020-12-23,코스닥시장 이전상장,지놈앤컴퍼니
52,111,에프앤가이드,64850,2020-12-17,코스닥시장 이전상장,에프앤가이드
53,110,비엔에프코퍼레이션,271780,2020-11-05,상장폐지 신청('20.10.13),
54,109,미코바이오메드,214610,2020-10-22,코스닥시장 이전상장,미코바이오메드
55,108,비나텍,126340,2020-09-23,코스닥시장 이전상장,비나텍
56,107,티씨엠생명과학,228180,2020-08-07,포괄적 주식교환에 따른 상장폐지 신청('20.7.17),
57,106,에코앤드림,101360,2020-07-30,코스닥시장 이전상장,에코앤드림
58,105,제놀루션,225220,2020-07-24,코스닥시장 이전상장,제놀루션
59,104,티에스아이,277880,2020-07-22,코스닥시장 이전상장,티에스아이
60,103,젠큐릭스,229000,2020-06-25,코스닥시장 이전상장,젠큐릭스
61,102,LPK로보틱스,183350,2020-06-17,"외부감사인의 감사의견 거절(감사범위 제한), 감사의견 한정(감사범위 제한)",
62,101,카이노스메드,220250,2020-06-08,피흡수합병,
63,100,케미메디,205290,2020-05-13,외부감사인의 감사의견 의견거절(감사범위 제한),
64,99,씨티네트웍스,189540,2020-05-12,감사의견 거절(계속기업 존속능력에 대한 불확실성),
65,98,드림티엔터테인먼트,220110,2020-04-10,사업보고서 법정제출기한('20.3.30限)내 미제출,
66,97,대원모방,311840,2020-02-27,지정자문인 선임계약 해지 후 30일 이내 미체결(2020.2.13 限),
67,96,유쎌,252370,2020-02-27,지정자문인 선임계약 해지 후 30일 이내 미체결(2020.2.13 限),
68,95,위세아이텍,65370,2020-02-10,코스닥시장 이전상장,위세아이텍
69,94,소프트캠프,210610,2019-12-30,피흡수합병,
70,93,아이엘사이언스,122050,2019-12-27,피흡수합병,
71,92,인프라웨어테크놀러지,247300,2019-12-06,피흡수합병,
72,91,리메드,302550,2019-12-06,코스닥시장 이전상장,리메드
73,90,한국비엔씨,226610,2019-12-03,피흡수합병,
74,89,자비스,230400,2019-11-15,피흡수합병,
75,88,미디어젠,279600,2019-11-05,코스닥시장 이전상장,미디어젠
76,87,세종머티리얼즈,135270,2019-10-02,파산선고에 따른 해산사유 발생,
77,86,알로이스,271400,2019-10-01,피흡수합병,
78,85,그린플러스,186230,2019-08-07,코스닥시장 이전상장,그린플러스
79,84,주노콜렉션,221670,2019-07-16,지정자문인 선임계약 해지 후 30일 이내 미체결(2019.7.2 限),
80,83,포인트엔지니어링,176560,2019-07-16,피흡수합병,
81,82,엔케이맥스,262760,2019-07-04,피흡수합병,
82,81,줌인터넷,229480,2019-06-10,피흡수합병,
83,80,수젠텍,253840,2019-05-28,코스닥시장 이전상장,수젠텍
84,79,영현무역,242850,2019-05-22,지정자문인 선임계약 해지 후 30일 이내 미체결(2019.5.8 限),
85,78,지노믹트리,228760,2019-03-27,코스닥시장 이전상장,지노믹트리
86,77,제이에스피브이,250300,2019-03-04,지정자문인 선임계약 해지 후 30일이내 미체결(2019.2.1 限),
87,76,스페이스솔루션,245030,2019-02-27,상장폐지 신청('19.1.25),
88,75,나무기술,167380,2018-12-11,피흡수합병,
89,74,극동자동화,272420,2018-11-15,상장폐지 신청('18.11.5),
90,73,본느,242420,2018-10-29,피흡수합병,
91,72,세신버팔로,110660,2018-10-11,지정자문인 선임계약 해지 후 30일이내 미체결(2018.9.20限),
92,71,케이엠제약,237720,2018-09-28,피흡수합병,
93,70,지티지웰니스,219750,2018-09-21,코스닥시장 이전상장,지티지웰니스
94,69,인산가,62580,2018-09-11,피흡수합병,
95,68,에스와이제이,251540,2018-09-07,감사의견 거절(감사범위 제한),
96,67,디지캡,197140,2018-09-07,코스닥시장 이전상장,디지캡
97,66,오파스넷,173130,2018-08-24,코스닥시장 이전상장,오파스넷
98,65,지성이씨에스,138290,2018-08-22,상장폐지 신청('18.7.19),
99,64,피엠디아카데미,144740,2018-08-07,지정자문인 선임계약 해지 후 30일이내 미체결(2018.07.24限),
100,63,시냅스엠,246830,2018-05-14,감사의견 거절(계속기업 존속능력에 대한 불확실성),
101,62,태경피엔에스,235090,2018-05-09,감사의견 거절(감사범위 제한),
102,61,에스엠로보틱스,252940,2018-04-25,감사의견 거절(감사범위 제한 및 계속기업 존속능력에 대한 불확실성),
103,60,유디피,91270,2018-04-18,지정자문인 선임계약 해지 후 30일이내 미체결(2018.04.04限),
104,59,세기리텍,199870,2018-03-28,지정자문인 선임계약 해지후 30일이내 미체결(18.3.14限),
105,58,오스테오닉,226400,2018-02-22,코스닥시장 이전상장,오스테오닉
106,57,엔지켐생명과학,183490,2018-02-21,코스닥시장 이전상장,엔지켐생명과학
107,56,패션플랫폼,256090,2018-02-13,피흡수합병,
108,55,아시아종묘,154030,2018-02-12,코스닥시장 이전상장,아시아종묘
109,54,링크제니시스,219420,2018-02-05,코스닥시장 이전상장,링크제니시스
110,53,미래자원엠엘,233190,2017-12-28,피흡수합병,
111,52,SGA시스템즈,232290,2017-12-22,피흡수합병,
112,51,캐로스,260490,2017-11-29,지정자문인 선임계약 해지 후 30일이내 미체결(2017.11.15限),
113,50,비디아이,148140,2017-11-09,코스닥시장 이전상장,비디아이
114,49,폴라리스세원,234100,2017-10-20,코스닥시장 이전상장,폴라리스세원
115,48,세화피앤씨,85980,2017-09-19,피흡수합병,
116,47,케이피에스,256940,2017-09-06,코스닥시장 이전상장,케이피에스
117,46,디피앤케이,189700,2017-08-31,지정자문인 선임계약 해지 후 30일이내 미체결(2017.08.17限),
118,45,다린,204690,2017-08-02,상장폐지 신청('17.07.28),
119,44,아스팩오일,232360,2017-07-25,지정자문인 선임계약 해지 후 30일이내 미체결(2017.07.11限),
120,43,비앤에스미디어,156170,2017-07-13,지정자문인 선임계약 해지 후 30일이내 미체결(2017.6.29限),
121,42,금오하이텍,165270,2017-06-07,최종부도 발생,
122,41,SY이노베이션,194860,2017-04-12,감사의견 거절(감사범위제한),
123,40,이엘피,63760,2017-04-06,코스닥시장 이전상장,이엘피
124,39,한주라이트메탈,198940,2017-02-21,상장폐지 신청('17.1.18),한주라이트메탈
125,38,씨아이에스,144630,2017-01-20,피흡수합병,
126,37,나이코,192240,2016-12-23,상장폐지 신청('16.12.9),
127,36,코썬바이오,204990,2016-12-09,코스닥시장 이전상장,
128,35,유니온커뮤니티,203450,2016-12-07,코스닥시장 이전상장,유니온커뮤니티
129,34,솔트웍스,222520,2016-12-05,피흡수합병,
130,33,이푸른,185280,2016-12-05,지정자문인 선임계약 해지 후 30일이내 미체결(2016.11.21限),
131,32,퓨쳐켐,220100,2016-12-01,코스닥시장 이전상장,퓨쳐켐
132,31,엘앤케이바이오,156100,2016-11-30,코스닥시장 이전상장,엘앤케이바이오
133,30,핸디소프트,220180,2016-11-24,코스닥시장 이전상장,핸디소프트
134,29,디와이엘엔제이,207230,2016-07-26,지정자문인 선임계약의 해지한 날의 다음날부터 30일이내(2016.07.12限) 지정자문인 선임계약 미체결,
135,28,아이윈플러스,123010,2016-07-20,코스닥시장 이전상장,아이윈플러스
136,27,에이치앤아이,103650,2016-07-14,최종부도 발생,
137,26,비지스틸,179440,2016-07-07,상장폐지 신청('16.6.14),
138,25,비엘,142760,2016-07-07,코스닥시장 이전상장,비엘
139,24,정다운,224090,2016-06-29,피흡수합병,
140,23,알엔투테크놀로지,148250,2016-06-22,코스닥시장 이전상장,알엔투테크놀로지
141,22,닉스테크,63840,2016-04-12,피흡수합병,
142,21,테라텍,151750,2016-02-23,상장폐지 신청('16.02.01),
143,20,예스티,122640,2015-12-16,코스닥시장 이전상장,예스티
144,19,리드,197210,2015-11-20,코스닥시장 이전상장,
145,18,DXVX,180400,2015-11-20,코스닥시장 이전상장,DXVX
146,17,매직마이크로,127160,2015-11-19,코스닥시장 이전상장,
147,16,아이진,185490,2015-11-16,코스닥시장 이전상장,아이진
148,15,엑시콘,92870,2015-10-22,코스닥시장 이전상장,엑시콘
149,14,프렉코,82220,2015-09-25,지정자문인 선임계약의 해지한 날의 다음날부터 30일이내(2015.09.11限) 지정자문인 선임계약 미체결,
150,13,칩스앤미디어,94360,2015-08-05,코스닥시장 이전상장,칩스앤미디어
151,12,베셀,177350,2015-06-19,코스닥시장 이전상장,베셀
152,11,스탠다드펌,179280,2015-04-30,감사의견 거절(감사범위 제한 및 계속기업 존속능력에 대한 불확실성),
153,10,웹솔루스,160350,2015-04-30,감사의견 거절(감사범위 제한 및 계속기업 존속능력에 대한 불확실성),
154,9,자원메디칼,181980,2015-04-15,상장폐지 신청('15.03.23),
155,8,아이티센,124500,2014-12-23,코스닥시장 이전상장,아이티센
156,7,하이로닉,149980,2014-12-17,코스닥시장 이전상장,하이로닉
157,6,랩지노믹스,84650,2014-12-16,코스닥시장 상장,랩지노믹스
158,5,판타지오,187770,2014-11-10,피흡수합병,
159,4,퓨얼셀,139170,2014-10-30,피흡수합병,
160,3,테라셈,182690,2014-10-30,코스닥시장 상장,
161,2,메디아나,41920,2014-10-07,코스닥시장 상장,메디아나
162,1,아진엑스텍,59120,2014-07-24,코스닥시장 상장,아진엑스텍
